Country Name,AÃ±o,Porcentaje_Forestal
Afghanistan,2012,1.852781994
Africa Eastern and Southern,2012,31.89065426
Africa Western and Central,2012,20.49809922
Albania,2012,28.64660584
Algeria,2012,0.811675498
American Samoa,2012,86.85
Andorra,2012,34.04255319
Angola,2012,56.9887511
Antigua and Barbuda,2012,19.65454545
Arab World,2012,2.956405437
Argentina,2012,10.87708144
Armenia,2012,11.59620653
Aruba,2012,2.333333333
Australia,2012,17.04768884
Austria,2012,46.9025206
Azerbaijan,2012,12.71082654
"Bahamas, The",2012,50.93506494
Bahrain,2012,0.716883117
Bangladesh,2012,14.49155105
Barbados,2012,14.65116279
Belarus,2012,42.54037723
Belgium,2012,22.77549538
Belize,2012,59.97220517
Benin,2012,31.35109968
Bermuda,2012,18.51851852
Bhutan,2012,71.0771047
Bolivia,2012,48.61302871
Bosnia and Herzegovina,2012,41.51945313
Botswana,2012,28.58698146
Brazil,2012,60.83917474
British Virgin Islands,2012,24.21333333
Brunei Darussalam,2012,72.10626186
Bulgaria,2012,34.7770818
Burkina Faso,2012,24.18296784
Burundi,2012,8.887071651
Cabo Verde,2012,10.74937965
Cambodia,2012,56.04048266
Cameroon,2012,43.97723763
Canada,2012,38.73025757
Caribbean small states,2012,90.38726442
Cayman Islands,2012,53.0
Central African Republic,2012,36.18575235
Central Europe and the Baltics,2012,34.00071029
Chad,2012,4.188373571
Channel Islands,2012,5.151515152
Chile,2012,22.96281532
China,2012,21.78092589
Colombia,2012,54.56380171
Comoros,2012,19.57227297
"Congo, Dem. Rep.",2012,59.53386471
"Congo, Rep.",2012,64.57101025
Costa Rica,2012,56.8729338
Cote d'Ivoire,2012,11.76040252
Croatia,2012,34.32206418
Cuba,2012,28.43720991
Curacao,2012,0.157657658
Cyprus,2012,18.7
Czechia,2012,34.46567396
Denmark,2012,15.04415
Djibouti,2012,0.241587575
Dominica,2012,63.82666667
Dominican Republic,2012,43.16563858
Early-demographic dividend,2012,23.39490648
East Asia & Pacific,2012,26.82201623
East Asia & Pacific (IDA & IBRD countries),2012,29.95536374
East Asia & Pacific (excluding high income),2012,30.11759743
Ecuador,2012,52.12025286
"Egypt, Arab Rep.",2012,0.059020543
El Salvador,2012,29.91698842
Equatorial Guinea,2012,89.67180036
Eritrea,2012,8.924026107
Estonia,2012,55.90979004
Eswatini,2012,28.36383721
Ethiopia,2012,15.64130888
Euro area,2012,38.13742208
Europe & Central Asia,2012,38.36719459
Europe & Central Asia (IDA & IBRD countries),2012,39.18670524
Europe & Central Asia (excluding high income),2012,39.42119885
European Union,2012,39.36356286
Faroe Islands,2012,0.05730659
Fiji,2012,59.47411056
Finland,2012,73.41077364
Fragile and conflict affected situations,2012,24.03885271
France,2012,30.29054509
French Polynesia,2012,43.05963699
Gabon,2012,91.68954865
"Gambia, The",2012,28.51146245
Georgia,2012,40.61591596
Germany,2012,32.74516555
Ghana,2012,34.79798717
Greece,2012,30.27
Greenland,2012,0.000535997
Grenada,2012,52.05882353
Guam,2012,45.18518519
Guatemala,2012,34.22807018
Guinea,2012,26.44066417
Guinea-Bissau,2012,72.81443812
Guyana,2012,93.96205232
Haiti,2012,13.50391872
Heavily indebted poor countries (HIPC),2012,28.46793463
High income,2012,29.51208527
Honduras,2012,58.36816516
Hungary,2012,22.66830885
IBRD only,2012,34.11660742
IDA & IBRD total,2012,32.2126623
IDA blend,2012,30.34811086
IDA only,2012,26.08096031
IDA total,2012,26.82594885
Iceland,2012,0.459511222
India,2012,23.55342242
Indonesia,2012,52.09357668
"Iran, Islamic Rep.",2012,6.564490778
Iraq,2012,1.89952109
Ireland,2012,10.65606039
Isle of Man,2012,6.070175439
Israel,2012,7.319778189
Italy,2012,30.89313468
Jamaica,2012,52.26722068
Japan,2012,68.4696845
Jordan,2012,1.09822032
Kazakhstan,2012,1.175201022
Kenya,2012,6.28802755
Kiribati,2012,1.456790123
"Korea, Dem. People's Rep.",2012,51.49015862
"Korea, Rep.",2012,65.43006885
Kuwait,2012,0.350729517
Kyrgyz Republic,2012,6.457413973
Lao PDR,2012,73.10008666
Late-demographic dividend,2012,39.40368641
Latin America & Caribbean,2012,47.61736652
Latin America & Caribbean (excluding high income),2012,48.16349093
Latin America & the Caribbean (IDA & IBRD countries),2012,47.71895252
Latvia,2012,54.31481511
Least developed countries: UN classification,2012,27.76204514
Lebanon,2012,13.5427175
Lesotho,2012,1.137022398
Liberia,2012,81.59800664
Libya,2012,0.123327688
Liechtenstein,2012,41.871875
Lithuania,2012,34.73210582
Low & middle income,2012,32.00602569
Low income,2012,21.39724526
Lower middle income,2012,25.05576326
Luxembourg,2012,34.45382721
Madagascar,2012,21.54632474
Malawi,2012,27.34089945
Malaysia,2012,58.29943083
Maldives,2012,2.733333333
Mali,2012,10.89666363
Malta,2012,1.09375
Marshall Islands,2012,52.22222222
Mauritania,2012,0.34574561
Mauritius,2012,19.20580871
Mexico,2012,34.3107333
"Micronesia, Fed. Sts.",2012,91.69428571
Middle East & North Africa,2012,2.037005787
Middle East & North Africa (IDA & IBRD countries),2012,2.477025822
Middle East & North Africa (excluding high income),2012,2.476460432
Middle income,2012,33.98917913
Moldova,2012,11.54169203
Mongolia,2012,9.10685778
Montenegro,2012,61.48698885
Morocco,2012,12.72376877
Mozambique,2012,49.03390727
Myanmar,2012,47.25036515
Namibia,2012,8.753870447
Nepal,2012,41.59072201
Netherlands,2012,10.97330961
New Caledonia,2012,45.88730853
New Zealand,2012,37.39894421
Nicaragua,2012,33.86988532
Niger,2012,0.930812347
Nigeria,2012,25.18019698
North America,2012,36.24514384
North Macedonia,2012,38.62085646
Northern Mariana Islands,2012,65.19130435
Norway,2012,33.1767257
OECD members,2012,32.63730663
Oman,2012,0.009693053
Other small states,2012,29.57729129
Pacific island small states,2012,67.73641745
Pakistan,2012,5.226855023
Palau,2012,88.54782609
Panama,2012,57.91172989
Papua New Guinea,2012,79.7533443
Paraguay,2012,47.17267053
Peru,2012,57.58413438
Philippines,2012,23.17299527
Poland,2012,30.58389393
Portugal,2012,35.76809695
Post-demographic dividend,2012,31.94869268
Pre-demographic dividend,2012,27.23376228
Puerto Rico,2012,55.51544532
Romania,2012,28.99480045
Russian Federation,2012,49.76857873
Rwanda,2012,10.82286178
Samoa,2012,58.48833922
San Marino,2012,16.66666667
Sao Tome and Principe,2012,59.22916667
Saudi Arabia,2012,0.454484135
Senegal,2012,43.56806731
Serbia,2012,31.04975989
Seychelles,2012,73.26086957
Sierra Leone,2012,37.30545858
Singapore,2012,24.40906516
Sint Maarten (Dutch part),2012,10.88235294
Slovak Republic,2012,39.91528032
Slovenia,2012,61.91892066
Small states,2012,40.40597586
Solomon Islands,2012,90.34712397
Somalia,2012,10.51104664
South Africa,2012,14.29513886
South Asia,2012,18.43212243
South Asia (IDA & IBRD),2012,18.43212243
South Sudan,2012,11.32562151
Spain,2012,37.07977849
Sri Lanka,2012,33.70594801
St. Kitts and Nevis,2012,42.30769231
St. Lucia,2012,34.04918033
St. Martin (French part),2012,24.8
St. Vincent and the Grenadines,2012,73.17948718
Sub-Saharan Africa,2012,27.57710925
Sub-Saharan Africa (IDA & IBRD countries),2012,27.57710925
Sub-Saharan Africa (excluding high income),2012,27.57622963
Sudan,2012,10.56352998
Suriname,2012,97.95246154
Sweden,2012,68.82658381
Switzerland,2012,31.42324155
Syrian Arab Republic,2012,2.745085226
Tajikistan,2012,2.963132324
Tanzania,2012,55.54979228
Thailand,2012,39.28086281
Timor-Leste,2012,62.69670477
Togo,2012,22.6686891
Tonga,2012,12.43055556
Trinidad and Tobago,2012,45.13879142
Tunisia,2012,4.444451596
Turkiye,2012,27.67819342
Turkmenistan,2012,8.782159045
Turks and Caicos Islands,2012,11.07368421
Tuvalu,2012,33.33333333
Uganda,2012,13.30498703
Ukraine,2012,16.55665263
United Arab Emirates,2012,4.467755562
United Kingdom,2012,12.80287687
United States,2012,33.80953318
Upper middle income,2012,37.90024037
Uruguay,2012,10.32327734
Uzbekistan,2012,7.869481413
Vanuatu,2012,36.28383921
"Venezuela, RB",2012,53.48472309
Viet Nam,2012,43.57082471
Virgin Islands (U.S.),2012,53.49142857
West Bank and Gaza,2012,1.665448505
World,2012,31.47231384
"Yemen, Rep.",2012,1.039831809
Zambia,2012,62.30866705
Zimbabwe,2012,46.04663306
Afghanistan,2013,1.852781994
Africa Eastern and Southern,2013,31.68063505
Africa Western and Central,2013,20.41014307
Albania,2013,28.69855839
Algeria,2013,0.814866442
American Samoa,2013,86.7
Andorra,2013,34.04255319
Angola,2013,56.54352611
Antigua and Barbuda,2013,19.50454545
Arab World,2013,2.937936997
Argentina,2013,10.79544998
Armenia,2013,11.5889006
Aruba,2013,2.333333333
Australia,2013,17.14006743
Austria,2013,46.94612215
Azerbaijan,2013,12.82050351
"Bahamas, The",2013,50.93506494
Bahrain,2013,0.737662338
Bangladesh,2013,14.4839579
Barbados,2013,14.65116279
Belarus,2013,42.54194019
Belgium,2013,22.77173052
Belize,2013,59.45874616
Benin,2013,30.90768003
Bermuda,2013,18.51851852
Bhutan,2013,71.12899756
Bolivia,2013,48.41755377
Bosnia and Herzegovina,2013,41.74539063
Botswana,2013,28.37824008
Brazil,2013,60.65502133
British Virgin Islands,2013,24.18666667
Brunei Darussalam,2013,72.10626186
Bulgaria,2013,34.95394252
Burkina Faso,2013,24.0001462
Burundi,2013,9.554517134
Cabo Verde,2013,10.82382134
Cambodia,2013,54.0663041
Cameroon,2013,43.85877176
Canada,2013,38.72565107
Caribbean small states,2013,90.31383475
Cayman Islands,2013,53.0
Central African Republic,2013,36.13759671
Central Europe and the Baltics,2013,34.09942323
Chad,2013,4.086721728
Channel Islands,2013,5.151515152
Chile,2013,23.19705406
China,2013,21.9872244
Colombia,2013,54.44246237
Comoros,2013,19.33691564
"Congo, Dem. Rep.",2013,59.0480457
"Congo, Rep.",2013,64.53587116
Costa Rica,2013,57.19345868
Cote d'Ivoire,2013,11.40541509
Croatia,2013,34.32921164
Cuba,2013,29.58357321
Curacao,2013,0.157657658
Cyprus,2013,18.69718615
Czechia,2013,34.4986532
Denmark,2013,15.2351
Djibouti,2013,0.241587575
Dominica,2013,63.82666667
Dominican Republic,2013,43.29203064
Early-demographic dividend,2013,23.30333622
East Asia & Pacific,2013,26.87380046
East Asia & Pacific (IDA & IBRD countries),2013,29.99293361
East Asia & Pacific (excluding high income),2013,30.15356161
Ecuador,2013,51.95194073
"Egypt, Arab Rep.",2013,0.055560802
El Salvador,2013,29.69980695
Equatorial Guinea,2013,89.37383244
Eritrea,2013,8.900342223
Estonia,2013,54.91175523
Eswatini,2013,28.4344186
Ethiopia,2013,15.5767636
Euro area,2013,38.19940952
Europe & Central Asia,2013,38.38635206
Europe & Central Asia (IDA & IBRD countries),2013,39.20104103
Europe & Central Asia (excluding high income),2013,39.43163574
European Union,2013,39.43211267
Faroe Islands,2013,0.05730659
Fiji,2013,59.83951834
Finland,2013,73.52068183
Fragile and conflict affected situations,2013,23.91273984
France,2013,30.442858
French Polynesia,2013,43.05963699
Gabon,2013,91.6434354
"Gambia, The",2013,27.94505929
Georgia,2013,40.61591596
Germany,2013,32.71898647
Ghana,2013,34.74306056
Greece,2013,30.27
Greenland,2013,0.000535997
Grenada,2013,52.05882353
Guam,2013,45.55555556
Guatemala,2013,33.97275103
Guinea,2013,26.29415595
Guinea-Bissau,2013,72.51415363
Guyana,2013,93.90266701
Haiti,2013,13.39121916
Heavily indebted poor countries (HIPC),2013,28.30341371
High income,2013,29.5521791
Honduras,2013,58.16861203
Hungary,2013,22.70018778
IBRD only,2013,34.09137856
IDA & IBRD total,2013,32.15364866
IDA blend,2013,30.27655188
IDA only,2013,25.90882097
IDA total,2013,26.67137122
Iceland,2013,0.466473815
India,2013,23.64302315
Indonesia,2013,51.60023414
"Iran, Islamic Rep.",2013,6.564490778
Iraq,2013,1.900361184
Ireland,2013,10.75561039
Isle of Man,2013,6.070175439
Israel,2013,7.421441774
Italy,2013,31.07509181
Jamaica,2013,52.61828255
Japan,2013,68.45761317
Jordan,2013,1.09822032
Kazakhstan,2013,1.191964107
Kenya,2013,6.255019855
Kiribati,2013,1.456790123
"Korea, Dem. People's Rep.",2013,51.31384437
"Korea, Rep.",2013,65.24952271
Kuwait,2013,0.350729517
Kyrgyz Republic,2013,6.480490094
Lao PDR,2013,72.95060659
Late-demographic dividend,2013,39.42257689
Latin America & Caribbean,2013,47.4788181
Latin America & Caribbean (excluding high income),2013,48.00743614
Latin America & the Caribbean (IDA & IBRD countries),2013,47.57115729
Latvia,2013,54.37691034
Least developed countries: UN classification,2013,27.56974965
Lebanon,2013,13.60097752
Lesotho,2013,1.137022398
Liberia,2013,81.28384551
Libya,2013,0.123327688
Liechtenstein,2013,41.873125
Lithuania,2013,34.78579976
Low & middle income,2013,31.94533644
Low income,2013,21.26057301
Lower middle income,2013,24.96547977
Luxembourg,2013,34.45382721
Madagascar,2013,21.52342042
Malawi,2013,26.8954179
Malaysia,2013,58.61388525
Maldives,2013,2.733333333
Mali,2013,10.89666363
Malta,2013,1.09375
Marshall Islands,2013,52.22222222
Mauritania,2013,0.340467643
Mauritius,2013,19.19679519
Mexico,2013,34.24772757
"Micronesia, Fed. Sts.",2013,91.73428571
Middle East & North Africa,2013,2.038516115
Middle East & North Africa (IDA & IBRD countries),2013,2.478737631
Middle East & North Africa (excluding high income),2013,2.478175433
Middle income,2013,33.94276767
Moldova,2013,11.60705596
Mongolia,2013,9.106135944
Montenegro,2013,61.48698885
Morocco,2013,12.72830383
Mozambique,2013,48.77140314
Myanmar,2013,46.81182091
Namibia,2013,8.667621373
Nepal,2013,41.59072201
Netherlands,2013,10.93173048
New Caledonia,2013,45.88183807
New Zealand,2013,37.39779727
Nicaragua,2013,33.40350673
Niger,2013,0.921007342
Nigeria,2013,25.00089155
North America,2013,36.25804613
North Macedonia,2013,38.89024584
Northern Mariana Islands,2013,64.83043478
Norway,2013,33.2090866
OECD members,2013,32.67088348
Oman,2013,0.009693053
Other small states,2013,29.46066037
Pacific island small states,2013,67.82323988
Pakistan,2013,5.185050851
Palau,2013,88.73478261
Panama,2013,57.75816519
Papua New Guinea,2013,79.68512697
Paraguay,2013,46.12999748
Peru,2013,57.45049844
Philippines,2013,23.28999564
Poland,2013,30.64432906
Portugal,2013,35.8931589
Post-demographic dividend,2013,31.99067985
Pre-demographic dividend,2013,27.05931848
Puerto Rico,2013,55.57023675
Romania,2013,29.32911359
Russian Federation,2013,49.76607349
Rwanda,2013,10.86339684
Samoa,2013,58.31731449
San Marino,2013,16.66666667
Sao Tome and Principe,2013,58.58333333
Saudi Arabia,2013,0.454484135
Senegal,2013,43.36030748
Serbia,2013,31.06469243
Seychelles,2013,73.26086957
Sierra Leone,2013,37.03216958
Singapore,2013,24.0155587
Sint Maarten (Dutch part),2013,10.88235294
Slovak Republic,2013,39.93125104
Slovenia,2013,61.94637537
Small states,2013,40.2968852
Solomon Islands,2013,90.32097178
Somalia,2013,10.38870469
South Africa,2013,14.26513284
South Asia,2013,18.48246958
South Asia (IDA & IBRD),2013,18.48246958
South Sudan,2013,11.32562151
Spain,2013,37.08211351
Sri Lanka,2013,33.78631797
St. Kitts and Nevis,2013,42.30769231
St. Lucia,2013,34.04918033
St. Martin (French part),2013,24.8
St. Vincent and the Grenadines,2013,73.17948718
Sub-Saharan Africa,2013,27.41329982
Sub-Saharan Africa (IDA & IBRD countries),2013,27.41329982
Sub-Saharan Africa (excluding high income),2013,27.41241705
Sudan,2013,10.47024946
Suriname,2013,97.89067949
Sweden,2013,68.78092167
Switzerland,2013,31.51073153
Syrian Arab Republic,2013,2.777759625
Tajikistan,2013,2.979994284
Tanzania,2013,55.12983066
Thailand,2013,39.27616512
Timor-Leste,2013,62.60255548
Togo,2013,22.61426733
Tonga,2013,12.43055556
Trinidad and Tobago,2013,45.05614035
Tunisia,2013,4.454299691
Turkiye,2013,27.82039681
Turkmenistan,2013,8.782159045
Turks and Caicos Islands,2013,11.07368421
Tuvalu,2013,33.33333333
Uganda,2013,13.09926192
Ukraine,2013,16.59428295
United Arab Emirates,2013,4.467755562
United Kingdom,2013,12.88223866
United States,2013,33.8395963
Upper middle income,2013,37.87313511
Uruguay,2013,10.53890984
Uzbekistan,2013,7.961375803
Vanuatu,2013,36.28383921
"Venezuela, RB",2013,53.2983391
Viet Nam,2013,44.06395211
Virgin Islands (U.S.),2013,53.90857143
West Bank and Gaza,2013,1.671760797
World,2013,31.43820022
"Yemen, Rep.",2013,1.039831809
Zambia,2013,62.0555294
Zimbabwe,2013,45.92754298
Afghanistan,2014,1.852781994
Africa Eastern and Southern,2014,31.47063394
Africa Western and Central,2014,20.32218692
Albania,2014,28.75051095
Algeria,2014,0.818057387
American Samoa,2014,86.55
Andorra,2014,34.04255319
Angola,2014,56.09830111
Antigua and Barbuda,2014,19.35454545
Arab World,2014,2.919451747
Argentina,2014,10.71381852
Armenia,2014,11.58159466
Aruba,2014,2.333333333
Australia,2014,17.23244601
Austria,2014,46.9897237
Azerbaijan,2014,12.92970858
"Bahamas, The",2014,50.93506494
Bahrain,2014,0.757457847
Bangladesh,2014,14.47636475
Barbados,2014,14.65116279
Belarus,2014,42.53176531
Belgium,2014,22.76796565
Belize,2014,58.94528715
Benin,2014,30.46426038
Bermuda,2014,18.51851852
Bhutan,2014,71.18089042
Bolivia,2014,48.22207883
Bosnia and Herzegovina,2014,41.97132813
Botswana,2014,28.1694987
Brazil,2014,60.47086792
British Virgin Islands,2014,24.16
Brunei Darussalam,2014,72.10626186
Bulgaria,2014,35.13080324
Burkina Faso,2014,23.81732456
Burundi,2014,10.22196262
Cabo Verde,2014,10.89826303
Cambodia,2014,52.09212554
Cameroon,2014,43.7403059
Canada,2014,38.72104457
Caribbean small states,2014,90.24040509
Cayman Islands,2014,53.0
Central African Republic,2014,36.08944107
Central Europe and the Baltics,2014,34.2084079
Chad,2014,3.985069886
Channel Islands,2014,5.151515152
Chile,2014,23.4312928
China,2014,22.19352292
Colombia,2014,54.32112303
Comoros,2014,19.1015583
"Congo, Dem. Rep.",2014,58.56222668
"Congo, Rep.",2014,64.50073206
Costa Rica,2014,57.51398355
Cote d'Ivoire,2014,11.05042767
Croatia,2014,34.33635909
Cuba,2014,30.12497597
Curacao,2014,0.157657658
Cyprus,2014,18.69437229
Czechia,2014,34.52716913
Denmark,2014,15.42605
Djibouti,2014,0.241587575
Dominica,2014,63.82666667
Dominican Republic,2014,43.41842269
Early-demographic dividend,2014,23.21269623
East Asia & Pacific,2014,26.92473628
East Asia & Pacific (IDA & IBRD countries),2014,30.02883636
East Asia & Pacific (excluding high income),2014,30.18786236
Ecuador,2014,51.7836286
"Egypt, Arab Rep.",2014,0.05210106
El Salvador,2014,29.48262548
Equatorial Guinea,2014,89.07586453
Eritrea,2014,8.875197116
Estonia,2014,55.30278353
Eswatini,2014,28.505
Ethiopia,2014,15.51254422
Euro area,2014,38.28150002
Europe & Central Asia,2014,38.40787449
Europe & Central Asia (IDA & IBRD countries),2014,39.21729459
Europe & Central Asia (excluding high income),2014,39.44410537
European Union,2014,39.50696952
Faroe Islands,2014,0.05730659
Fiji,2014,60.20492611
Finland,2014,73.63059002
Fragile and conflict affected situations,2014,23.78635812
France,2014,30.59517091
French Polynesia,2014,43.05963699
Gabon,2014,91.59732216
"Gambia, The",2014,27.37865613
Georgia,2014,40.61591596
Germany,2014,32.72284322
Ghana,2014,34.68813395
Greece,2014,30.27
Greenland,2014,0.000535997
Grenada,2014,52.05882353
Guam,2014,45.92592593
Guatemala,2014,33.71743188
Guinea,2014,26.14764773
Guinea-Bissau,2014,72.21386913
Guyana,2014,93.84328169
Haiti,2014,13.27851959
Heavily indebted poor countries (HIPC),2014,28.13890527
High income,2014,29.59309492
Honduras,2014,57.9690589
Hungary,2014,22.55023011
IBRD only,2014,34.0657542
IDA & IBRD total,2014,32.09472732
IDA blend,2014,30.20491671
IDA only,2014,25.73806334
IDA total,2014,26.51795706
Iceland,2014,0.473436409
India,2014,23.73262388
Indonesia,2014,51.10689159
"Iran, Islamic Rep.",2014,6.564490778
Iraq,2014,1.900361184
Ireland,2014,10.8551604
Isle of Man,2014,6.070175439
Israel,2014,7.52310536
Italy,2014,31.25704895
Jamaica,2014,52.96934441
Japan,2014,68.44554184
Jordan,2014,1.09822032
Kazakhstan,2014,1.208727229
Kenya,2014,6.222012159
Kiribati,2014,1.456790123
"Korea, Dem. People's Rep.",2014,51.13753011
"Korea, Rep.",2014,65.1442061
Kuwait,2014,0.350729517
Kyrgyz Republic,2014,6.503566215
Lao PDR,2014,72.80112652
Late-demographic dividend,2014,39.441806
Latin America & Caribbean,2014,47.33549005
Latin America & Caribbean (excluding high income),2014,47.84539368
Latin America & the Caribbean (IDA & IBRD countries),2014,47.42388597
Latvia,2014,54.43900558
Least developed countries: UN classification,2014,27.37737032
Lebanon,2014,13.65923754
Lesotho,2014,1.137022398
Liberia,2014,80.96968439
Libya,2014,0.123327688
Liechtenstein,2014,41.87375
Lithuania,2014,34.85395052
Low & middle income,2014,31.88391425
Low income,2014,21.12391302
Lower middle income,2014,24.87551432
Luxembourg,2014,34.45382721
Madagascar,2014,21.50070127
Malawi,2014,26.44993636
Malaysia,2014,58.92833967
Maldives,2014,2.733333333
Mali,2014,10.89666363
Malta,2014,1.09375
Marshall Islands,2014,52.22222222
Mauritania,2014,0.335189677
Mauritius,2014,19.18778167
Mexico,2014,34.18472183
"Micronesia, Fed. Sts.",2014,91.77428571
Middle East & North Africa,2014,2.040013226
Middle East & North Africa (IDA & IBRD countries),2014,2.480394364
Middle East & North Africa (excluding high income),2014,2.47983541
Middle income,2014,33.89542897
Moldova,2014,11.67944039
Mongolia,2014,9.105421354
Montenegro,2014,61.48698885
Morocco,2014,12.7328389
Mozambique,2014,48.50889901
Myanmar,2014,46.36821216
Namibia,2014,8.581372299
Nepal,2014,41.59072201
Netherlands,2014,10.88037993
New Caledonia,2014,45.87636761
New Zealand,2014,37.39665034
Nicaragua,2014,32.93712814
Niger,2014,0.911202337
Nigeria,2014,24.82158613
North America,2014,36.27094842
North Macedonia,2014,39.15963521
Northern Mariana Islands,2014,64.46956522
Norway,2014,33.23181086
OECD members,2014,32.70509249
Oman,2014,0.009693053
Other small states,2014,29.36147125
Pacific island small states,2014,67.91006231
Pakistan,2014,5.143246679
Palau,2014,88.92173913
Panama,2014,57.77558014
Papua New Guinea,2014,79.61690986
Paraguay,2014,45.08732444
Peru,2014,57.3168625
Philippines,2014,23.40699601
Poland,2014,30.70577093
Portugal,2014,36.02399853
Post-demographic dividend,2014,32.02994842
Pre-demographic dividend,2014,26.8845972
Puerto Rico,2014,55.62502818
Romania,2014,29.65824061
Russian Federation,2014,49.76356825
Rwanda,2014,10.9039319
Samoa,2014,58.14628975
San Marino,2014,16.66666667
Sao Tome and Principe,2014,57.9375
Saudi Arabia,2014,0.454484135
Senegal,2014,43.15254765
Serbia,2014,31.07962497
Seychelles,2014,73.26086957
Sierra Leone,2014,36.75888058
Singapore,2014,23.58984485
Sint Maarten (Dutch part),2014,10.88235294
Slovak Republic,2014,39.95386855
Slovenia,2014,61.95630586
Small states,2014,40.20715756
Solomon Islands,2014,90.29481958
Somalia,2014,10.26636274
South Africa,2014,14.23512682
South Asia,2014,18.53281673
South Asia (IDA & IBRD),2014,18.53281673
South Sudan,2014,11.32562151
Spain,2014,37.08444853
Sri Lanka,2014,33.86668793
St. Kitts and Nevis,2014,42.30769231
St. Lucia,2014,34.04918033
St. Martin (French part),2014,24.8
St. Vincent and the Grenadines,2014,73.17948718
Sub-Saharan Africa,2014,27.2495002
Sub-Saharan Africa (IDA & IBRD countries),2014,27.2495002
Sub-Saharan Africa (excluding high income),2014,27.24861426
Sudan,2014,10.37696895
Suriname,2014,97.82889744
Sweden,2014,68.73525954
Switzerland,2014,31.59822336
Syrian Arab Republic,2014,2.810434025
Tajikistan,2014,3.022206851
Tanzania,2014,54.70986904
Thailand,2014,39.27146744
Timor-Leste,2014,62.50840619
Togo,2014,22.55984556
Tonga,2014,12.43055556
Trinidad and Tobago,2014,44.97348928
Tunisia,2014,4.464147786
Turkiye,2014,27.96260021
Turkmenistan,2014,8.782159045
Turks and Caicos Islands,2014,11.07368421
Tuvalu,2014,33.33333333
Uganda,2014,12.8935368
Ukraine,2014,16.6327746
United Arab Emirates,2014,4.467755562
United Kingdom,2014,12.96160046
United States,2014,33.86965942
Upper middle income,2014,37.84433017
Uruguay,2014,10.75454234
Uzbekistan,2014,8.053071555
Vanuatu,2014,36.28383921
"Venezuela, RB",2014,53.1119551
Viet Nam,2014,44.44284889
Virgin Islands (U.S.),2014,54.32571429
West Bank and Gaza,2014,1.67807309
World,2014,31.40380692
"Yemen, Rep.",2014,1.039831809
Zambia,2014,61.80239175
Zimbabwe,2014,45.80845289
Afghanistan,2015,1.852781994
Africa Eastern and Southern,2015,31.26041983
Africa Western and Central,2015,20.23423077
Albania,2015,28.8024635
Algeria,2015,0.821247986
American Samoa,2015,86.4
Andorra,2015,34.04255319
Angola,2015,55.65307612
Antigua and Barbuda,2015,19.20454545
Arab World,2015,2.900938039
Argentina,2015,10.63218706
Armenia,2015,11.57428872
Aruba,2015,2.333333333
Australia,2015,17.3248246
Austria,2015,47.03332525
Azerbaijan,2015,13.03953401
"Bahamas, The",2015,50.93506494
Bahrain,2015,0.771208226
Bangladesh,2015,14.46877161
Barbados,2015,14.65116279
Belarus,2015,42.53416626
Belgium,2015,22.76420079
Belize,2015,58.43182815
Benin,2015,30.02084072
Bermuda,2015,18.51851852
Bhutan,2015,71.23278327
Bolivia,2015,48.0266039
Bosnia and Herzegovina,2015,42.19726563
Botswana,2015,27.96075733
Brazil,2015,60.28671451
British Virgin Islands,2015,24.13333333
Brunei Darussalam,2015,72.10626186
Bulgaria,2015,35.30766396
Burkina Faso,2015,23.63450292
Burundi,2015,10.8894081
Cabo Verde,2015,10.97270471
Cambodia,2015,50.11794697
Cameroon,2015,43.62184003
Canada,2015,38.71643807
Caribbean small states,2015,90.16697542
Cayman Islands,2015,53.0
Central African Republic,2015,36.04128543
Central Europe and the Baltics,2015,34.33997784
Chad,2015,3.883418043
Channel Islands,2015,5.151515152
Chile,2015,23.66553154
China,2015,22.39982144
Colombia,2015,54.19978369
Comoros,2015,18.86620097
"Congo, Dem. Rep.",2015,58.07640767
"Congo, Rep.",2015,64.46559297
Costa Rica,2015,57.83450842
Cote d'Ivoire,2015,10.69544025
Croatia,2015,34.34350654
Cuba,2015,30.58597502
Curacao,2015,0.157657658
Cyprus,2015,18.69155844
Czechia,2015,34.5601606
Denmark,2015,15.617
Djibouti,2015,0.241587575
Dominica,2015,63.82666667
Dominican Republic,2015,43.54481474
Early-demographic dividend,2015,23.11771042
East Asia & Pacific,2015,26.97604616
East Asia & Pacific (IDA & IBRD countries),2015,30.06539889
East Asia & Pacific (excluding high income),2015,30.22282142
Ecuador,2015,51.61531648
"Egypt, Arab Rep.",2015,0.048641318
El Salvador,2015,29.26544402
Equatorial Guinea,2015,88.77789661
Eritrea,2015,8.845245978
Estonia,2015,55.69381182
Eswatini,2015,28.5755814
Ethiopia,2015,15.44784411
Euro area,2015,38.37177563
Europe & Central Asia,2015,38.42284183
Europe & Central Asia (IDA & IBRD countries),2015,39.22343781
Europe & Central Asia (excluding high income),2015,39.44608509
European Union,2015,39.59537434
Faroe Islands,2015,0.05730659
Fiji,2015,60.57033388
Finland,2015,73.73564542
Fragile and conflict affected situations,2015,23.65982447
France,2015,30.74748382
French Polynesia,2015,43.05963699
Gabon,2015,91.55120891
"Gambia, The",2015,26.81225296
Georgia,2015,40.61591596
Germany,2015,32.73232815
Ghana,2015,34.63320735
Greece,2015,30.27
Greenland,2015,0.000535997
Grenada,2015,52.05882353
Guam,2015,46.2962963
Guatemala,2015,33.46211273
Guinea,2015,26.00113951
Guinea-Bissau,2015,71.91358464
Guyana,2015,93.78389637
Haiti,2015,13.16582003
Heavily indebted poor countries (HIPC),2015,27.97425104
High income,2015,29.63477852
Honduras,2015,57.76950576
Hungary,2015,22.58185404
IBRD only,2015,34.0402221
IDA & IBRD total,2015,32.03411049
IDA blend,2015,30.10021756
IDA only,2015,25.56671566
IDA total,2015,26.35898743
Iceland,2015,0.480399002
India,2015,23.82222461
Indonesia,2015,50.61354905
"Iran, Islamic Rep.",2015,6.564490778
Iraq,2015,1.900361184
Ireland,2015,10.95471041
Isle of Man,2015,6.070175439
Israel,2015,7.624768946
Italy,2015,31.43900608
Jamaica,2015,53.32040628
Japan,2015,68.43347051
Jordan,2015,1.09822032
Kazakhstan,2015,1.225490314
Kenya,2015,6.189004463
Kiribati,2015,1.456790123
"Korea, Dem. People's Rep.",2015,50.96121585
"Korea, Rep.",2015,65.03155626
Kuwait,2015,0.350729517
Kyrgyz Republic,2015,6.526642336
Lao PDR,2015,72.65164645
Late-demographic dividend,2015,39.46198323
Latin America & Caribbean,2015,47.19097849
Latin America & Caribbean (excluding high income),2015,47.6826034
Latin America & the Caribbean (IDA & IBRD countries),2015,47.2760891
Latvia,2015,54.50110081
Least developed countries: UN classification,2015,27.18485613
Lebanon,2015,13.71749756
Lesotho,2015,1.137022398
Liberia,2015,80.65552326
Libya,2015,0.123327688
Liechtenstein,2015,41.875
Lithuania,2015,34.90822027
Low & middle income,2015,31.82073332
Low income,2015,20.98710908
Lower middle income,2015,24.78053412
Luxembourg,2015,34.45382721
Madagascar,2015,21.47798212
Malawi,2015,26.00445482
Malaysia,2015,59.2427941
Maldives,2015,2.733333333
Mali,2015,10.89666363
Malta,2015,1.09375
Marshall Islands,2015,52.22222222
Mauritania,2015,0.32991171
Mauritius,2015,19.17876815
Mexico,2015,34.12171609
"Micronesia, Fed. Sts.",2015,91.81428571
Middle East & North Africa,2015,2.041487268
Middle East & North Africa (IDA & IBRD countries),2015,2.482050809
Middle East & North Africa (excluding high income),2015,2.481495099
Middle income,2015,33.84591353
Moldova,2015,11.75182482
Mongolia,2015,9.104691498
Montenegro,2015,61.48698885
Morocco,2015,12.73737396
Mozambique,2015,48.24639487
Myanmar,2015,45.92460342
Namibia,2015,8.495123225
Nepal,2015,41.59072201
Netherlands,2015,10.83546184
New Caledonia,2015,45.87089716
New Zealand,2015,37.3955034
Nicaragua,2015,32.47074954
Niger,2015,0.901397332
Nigeria,2015,24.64228071
North America,2015,36.28385071
North Macedonia,2015,39.42902458
Northern Mariana Islands,2015,64.10869565
Norway,2015,33.24564399
OECD members,2015,32.74041813
Oman,2015,0.009693053
Other small states,2015,29.2604557
Pacific island small states,2015,67.99688474
Pakistan,2015,5.101442507
Palau,2015,89.10869565
Panama,2015,57.62155963
Papua New Guinea,2015,79.54869253
Paraguay,2015,44.0446514
Peru,2015,57.18322656
Philippines,2015,23.52399638
Poland,2015,30.76521114
Portugal,2015,36.15499489
Post-demographic dividend,2015,32.07023309
Pre-demographic dividend,2015,26.70978931
Puerto Rico,2015,55.67981962
Romania,2015,29.99374131
Russian Federation,2015,49.76106301
Rwanda,2015,10.94446696
Samoa,2015,57.97526502
San Marino,2015,16.66666667
Sao Tome and Principe,2015,57.29166667
Saudi Arabia,2015,0.454484135
Senegal,2015,42.94478783
Serbia,2015,31.09455751
Seychelles,2015,73.26086957
Sierra Leone,2015,36.48559158
Singapore,2015,23.23187588
Sint Maarten (Dutch part),2015,10.88235294
Slovak Republic,2015,39.96817936
Slovenia,2015,61.95823776
Small states,2015,40.11540001
Solomon Islands,2015,90.26866738
Somalia,2015,10.14402079
South Africa,2015,14.20512081
South Asia,2015,18.5863467
South Asia (IDA & IBRD),2015,18.5863467
South Sudan,2015,11.32562151
Spain,2015,37.12753247
Sri Lanka,2015,34.39516585
St. Kitts and Nevis,2015,42.30769231
St. Lucia,2015,34.04918033
St. Martin (French part),2015,24.8
St. Vincent and the Grenadines,2015,73.17948718
Sub-Saharan Africa,2015,27.08558597
Sub-Saharan Africa (IDA & IBRD countries),2015,27.08558597
Sub-Saharan Africa (excluding high income),2015,27.08469688
Sudan,2015,10.28368844
Suriname,2015,97.76711538
Sweden,2015,68.69449814
Switzerland,2015,31.68571785
Syrian Arab Republic,2015,2.843108425
Tajikistan,2015,3.039123856
Tanzania,2015,54.28990743
Thailand,2015,39.26676975
Timor-Leste,2015,62.41425689
Togo,2015,22.50542379
Tonga,2015,12.43055556
Trinidad and Tobago,2015,44.89083821
Tunisia,2015,4.473995881
Turkiye,2015,28.10480361
Turkmenistan,2015,8.782159045
Turks and Caicos Islands,2015,11.07368421
Tuvalu,2015,33.33333333
Uganda,2015,12.68781169
Ukraine,2015,16.67040688
United Arab Emirates,2015,4.467755562
United Kingdom,2015,13.04096226
United States,2015,33.89972254
Upper middle income,2015,37.81537619
Uruguay,2015,10.97017484
Uzbekistan,2015,8.055832955
Vanuatu,2015,36.28383921
"Venezuela, RB",2015,52.92557111
Viet Nam,2015,44.87116404
Virgin Islands (U.S.),2015,54.74285714
West Bank and Gaza,2015,1.684385382
World,2015,31.36838645
"Yemen, Rep.",2015,1.039831809
Zambia,2015,61.54925409
Zimbabwe,2015,45.6893628
Afghanistan,2016,1.852781994
Africa Eastern and Southern,2016,31.03968154
Africa Western and Central,2016,20.15261016
Albania,2016,28.80218978
Algeria,2016,0.821247986
American Samoa,2016,86.25
Andorra,2016,34.04255319
Angola,2016,55.20784471
Antigua and Barbuda,2016,19.04545455
Arab World,2016,2.883323261
Argentina,2016,10.60039683
Armenia,2016,11.56691254
Aruba,2016,2.333333333
Australia,2016,17.42548771
Austria,2016,47.07695104
Azerbaijan,2016,13.15441152
"Bahamas, The",2016,50.93506494
Bahrain,2016,0.795892169
Bangladesh,2016,14.46877161
Barbados,2016,14.65116279
Belarus,2016,42.90696987
Belgium,2016,22.76420079
Belize,2016,57.94300745
Benin,2016,29.57742107
Bermuda,2016,18.51851852
Bhutan,2016,71.23427013
Bolivia,2016,47.77132835
Bosnia and Herzegovina,2016,42.50996094
Botswana,2016,27.75201595
Brazil,2016,60.07103255
British Virgin Islands,2016,24.13333333
Brunei Darussalam,2016,72.10626186
Bulgaria,2016,35.38135593
Burkina Faso,2016,23.45175439
Burundi,2016,10.8894081
Cabo Verde,2016,11.0471464
Cambodia,2016,49.2359506
Cameroon,2016,43.50337416
Canada,2016,38.71201338
Caribbean small states,2016,90.09704829
Cayman Islands,2016,53.0
Central African Republic,2016,35.9931298
Central Europe and the Baltics,2016,34.39391423
Chad,2016,3.787325286
Channel Islands,2016,5.151515152
Chile,2016,23.83086404
China,2016,22.63049793
Colombia,2016,54.04190176
Comoros,2016,18.62976894
"Congo, Dem. Rep.",2016,57.59058689
"Congo, Rep.",2016,64.43045388
Costa Rica,2016,58.15511163
Cote d'Ivoire,2016,10.34044025
Croatia,2016,34.38139161
Cuba,2016,31.1514802
Curacao,2016,0.157657658
Cyprus,2016,18.68073593
Czechia,2016,34.57907007
Denmark,2016,15.6165
Djibouti,2016,0.241587575
Dominica,2016,63.82666667
Dominican Republic,2016,43.71227489
Early-demographic dividend,2016,23.07176688
East Asia & Pacific,2016,27.0866795
East Asia & Pacific (IDA & IBRD countries),2016,30.19550188
East Asia & Pacific (excluding high income),2016,30.35061956
Ecuador,2016,51.3565389
"Egypt, Arab Rep.",2016,0.045185594
El Salvador,2016,29.04826255
Equatorial Guinea,2016,88.4798574
Eritrea,2016,8.819973667
Estonia,2016,55.69933287
Eswatini,2016,28.64651163
Ethiopia,2016,15.38289762
Euro area,2016,38.42588521
Europe & Central Asia,2016,38.44442683
Europe & Central Asia (IDA & IBRD countries),2016,39.24216668
Europe & Central Asia (excluding high income),2016,39.4632905
European Union,2016,39.6446908
Faroe Islands,2016,0.05730659
Fiji,2016,60.93596059
Finland,2016,73.73564542
Fragile and conflict affected situations,2016,23.52866783
France,2016,30.89979673
French Polynesia,2016,43.05963699
Gabon,2016,91.50510343
"Gambia, The",2016,26.24505929
Georgia,2016,40.61591596
Germany,2016,32.68548202
Ghana,2016,34.81691131
Greece,2016,30.26997673
Greenland,2016,0.000535997
Grenada,2016,52.05882353
Guam,2016,51.85185185
Guatemala,2016,33.35386338
Guinea,2016,25.8383526
Guinea-Bissau,2016,71.61344239
Guyana,2016,93.73716027
Haiti,2016,13.05297533
Heavily indebted poor countries (HIPC),2016,27.79660086
High income,2016,29.6604724
Honduras,2016,57.58378765
Hungary,2016,22.55895244
IBRD only,2016,34.03387469
IDA & IBRD total,2016,31.98909392
IDA blend,2016,30.03089201
IDA only,2016,25.39420215
IDA total,2016,26.20451417
Iceland,2016,0.485386534
India,2016,23.91182535
Indonesia,2016,50.74345453
"Iran, Islamic Rep.",2016,6.570691815
Iraq,2016,1.900361184
Ireland,2016,11.06619248
Isle of Man,2016,6.070175439
Israel,2016,6.469500924
Italy,2016,31.62096998
Jamaica,2016,53.67867036
Japan,2016,68.42249657
Jordan,2016,1.09822032
Kazakhstan,2016,1.236326258
Kenya,2016,6.240942475
Kiribati,2016,1.456790123
"Korea, Dem. People's Rep.",2016,50.78490159
"Korea, Rep.",2016,64.87911457
Kuwait,2016,0.350729517
Kyrgyz Republic,2016,6.549739312
Lao PDR,2016,72.50216638
Late-demographic dividend,2016,39.4792885
Latin America & Caribbean,2016,47.04286407
Latin America & Caribbean (excluding high income),2016,47.51773267
Latin America & the Caribbean (IDA & IBRD countries),2016,47.12400266
Latvia,2016,54.56329246
Least developed countries: UN classification,2016,26.99231179
Lebanon,2016,13.77614858
Lesotho,2016,1.137022398
Liberia,2016,80.34136213
Libya,2016,0.123327688
Liechtenstein,2016,41.875
Lithuania,2016,34.96056959
Low & middle income,2016,31.77457923
Low income,2016,20.84305363
Lower middle income,2016,24.69918194
Luxembourg,2016,34.45382721
Madagascar,2016,21.45527673
Malawi,2016,25.55897327
Malaysia,2016,58.78752093
Maldives,2016,2.733333333
Mali,2016,10.89666363
Malta,2016,1.1875
Marshall Islands,2016,52.22222222
Mauritania,2016,0.324633744
Mauritius,2016,19.17376064
Mexico,2016,34.05599424
"Micronesia, Fed. Sts.",2016,91.85714286
Middle East & North Africa,2016,2.04137482
Middle East & North Africa (IDA & IBRD countries),2016,2.484817435
Middle East & North Africa (excluding high income),2016,2.484259796
Middle income,2016,33.81807003
Moldova,2016,11.75486618
Mongolia,2016,9.103978705
Montenegro,2016,61.48698885
Morocco,2016,12.77120771
Mozambique,2016,47.8500089
Myanmar,2016,45.50189957
Namibia,2016,8.408871722
Nepal,2016,41.59072201
Netherlands,2016,10.86308286
New Caledonia,2016,45.8654267
New Zealand,2016,37.39603509
Nicaragua,2016,31.63977065
Niger,2016,0.891592327
Nigeria,2016,24.46297957
North America,2016,36.28166057
North Macedonia,2016,39.71728787
Northern Mariana Islands,2016,52.95652174
Norway,2016,33.27109973
OECD members,2016,32.75612585
Oman,2016,0.00904685
Other small states,2016,29.15077786
Pacific island small states,2016,68.08395639
Pakistan,2016,5.017953508
Palau,2016,89.30434783
Panama,2016,57.46762008
Papua New Guinea,2016,79.47241973
Paraguay,2016,43.62730934
Peru,2016,57.03928125
Philippines,2016,23.64101016
Poland,2016,30.81420033
Portugal,2016,36.15499489
Post-demographic dividend,2016,32.09868457
Pre-demographic dividend,2016,26.52740014
Puerto Rico,2016,55.73506201
Romania,2016,30.11582928
Russian Federation,2016,49.77269955
Rwanda,2016,11.02553709
Samoa,2016,57.80565371
San Marino,2016,16.66666667
Sao Tome and Principe,2016,56.64583333
Saudi Arabia,2016,0.454484135
Senegal,2016,42.737028
Serbia,2016,31.10198948
Seychelles,2016,73.26086957
Sierra Leone,2016,36.21224716
Singapore,2016,22.9696756
Sint Maarten (Dutch part),2016,10.88235294
Slovak Republic,2016,40.00353577
Slovenia,2016,61.85929898
Small states,2016,40.01708707
Solomon Islands,2016,90.24258664
Somalia,2016,10.02167883
South Africa,2016,14.17511479
South Asia,2016,18.62834913
South Asia (IDA & IBRD),2016,18.62834913
South Sudan,2016,11.32562151
Spain,2016,37.14286858
Sri Lanka,2016,34.34411
St. Kitts and Nevis,2016,42.30769231
St. Lucia,2016,34.04918033
St. Martin (French part),2016,24.8
St. Vincent and the Grenadines,2016,73.17948718
Sub-Saharan Africa,2016,26.917523
Sub-Saharan Africa (IDA & IBRD countries),2016,26.917523
Sub-Saharan Africa (excluding high income),2016,26.91663068
Sudan,2016,10.19710385
Suriname,2016,97.69435897
Sweden,2016,68.69449814
Switzerland,2016,31.77326642
Syrian Arab Republic,2016,2.843108425
Tajikistan,2016,3.039123856
Tanzania,2016,53.76044254
Thailand,2016,39.18064554
Timor-Leste,2016,62.3201076
Togo,2016,22.45100202
Tonga,2016,12.43055556
Trinidad and Tobago,2016,44.80896686
Tunisia,2016,4.483843975
Turkiye,2016,28.10480361
Turkmenistan,2016,8.782159045
Turks and Caicos Islands,2016,11.07368421
Tuvalu,2016,33.33333333
Uganda,2016,12.48209655
Ukraine,2016,16.68249064
United Arab Emirates,2016,4.467755562
United Kingdom,2016,13.05749597
United States,2016,33.89972254
Upper middle income,2016,37.81091955
Uruguay,2016,11.12444292
Uzbekistan,2016,8.139748656
Vanuatu,2016,36.28383921
"Venezuela, RB",2016,52.76714472
Viet Nam,2016,45.87835488
Virgin Islands (U.S.),2016,55.17142857
West Bank and Gaza,2016,1.684385382
World,2016,31.34091596
"Yemen, Rep.",2016,1.039831809
Zambia,2016,61.29595502
Zimbabwe,2016,45.57027272
Afghanistan,2017,1.852781994
Africa Eastern and Southern,2017,30.82431622
Africa Western and Central,2017,20.07132718
Albania,2017,28.79206204
Algeria,2017,0.815789794
American Samoa,2017,86.1
Andorra,2017,34.04255319
Angola,2017,54.76262934
Antigua and Barbuda,2017,18.90909091
Arab World,2017,2.863942909
Argentina,2017,10.55983688
Armenia,2017,11.55953635
Aruba,2017,2.333333333
Australia,2017,17.42291362
Austria,2017,47.12045565
Azerbaijan,2017,13.27314606
"Bahamas, The",2017,50.93506494
Bahrain,2017,0.820512821
Bangladesh,2017,14.46877161
Barbados,2017,14.65116279
Belarus,2017,42.97840266
Belgium,2017,22.76420079
Belize,2017,57.45374836
Benin,2017,29.13400142
Bermuda,2017,18.51851852
Bhutan,2017,71.28617869
Bolivia,2017,47.53274255
Bosnia and Herzegovina,2017,42.73261719
Botswana,2017,27.54327458
Brazil,2017,59.83288148
British Virgin Islands,2017,24.13333333
Brunei Darussalam,2017,72.10626186
Bulgaria,2017,35.50110538
Burkina Faso,2017,23.26900585
Burundi,2017,10.8894081
Cabo Verde,2017,11.12158809
Cambodia,2017,48.35395423
Cameroon,2017,43.38490829
Canada,2017,38.7078876
Caribbean small states,2017,90.03712486
Cayman Islands,2017,53.0
Central African Republic,2017,35.94497416
Central Europe and the Baltics,2017,34.47108402
Chad,2017,3.693614994
Channel Islands,2017,5.151515152
Chile,2017,23.99619653
China,2017,22.83070681
Colombia,2017,53.84386661
Comoros,2017,18.39333692
"Congo, Dem. Rep.",2017,57.10477052
"Congo, Rep.",2017,64.39531479
Costa Rica,2017,58.47571485
Cote d'Ivoire,2017,9.985440252
Croatia,2017,34.51519548
Cuba,2017,31.23314066
Curacao,2017,0.157657658
Cyprus,2017,18.67857143
Czechia,2017,34.60251263
Denmark,2017,15.64
Djibouti,2017,0.242018982
Dominica,2017,63.82666667
Dominican Republic,2017,43.87973504
Early-demographic dividend,2017,22.98227876
East Asia & Pacific,2017,27.08605906
East Asia & Pacific (IDA & IBRD countries),2017,30.19776619
East Asia & Pacific (excluding high income),2017,30.35153943
Ecuador,2017,51.09776131
"Egypt, Arab Rep.",2017,0.045185594
El Salvador,2017,28.83108108
Equatorial Guinea,2017,88.18181818
Eritrea,2017,8.79432689
Estonia,2017,57.03859649
Eswatini,2017,28.71686047
Ethiopia,2017,15.31829055
Euro area,2017,38.50376961
Europe & Central Asia,2017,38.46905238
Europe & Central Asia (IDA & IBRD countries),2017,39.26165445
Europe & Central Asia (excluding high income),2017,39.48242336
European Union,2017,39.70558969
Faroe Islands,2017,0.05730659
Fiji,2017,61.3015873
Finland,2017,73.73321927
Fragile and conflict affected situations,2017,23.40251842
France,2017,31.05210964
French Polynesia,2017,43.05963699
Gabon,2017,91.45899794
"Gambia, The",2017,25.67885375
Georgia,2017,40.61591596
Germany,2017,32.68454647
Ghana,2017,35.00061528
Greece,2017,30.26997673
Greenland,2017,0.000535997
Grenada,2017,52.05882353
Guam,2017,51.85185185
Guatemala,2017,33.24561404
Guinea,2017,25.67556568
Guinea-Bissau,2017,71.31330014
Guyana,2017,93.69037338
Haiti,2017,12.94013062
Heavily indebted poor countries (HIPC),2017,27.62412105
High income,2017,29.66040058
Honduras,2017,57.39663956
Hungary,2017,22.5429542
IBRD only,2017,33.99611571
IDA & IBRD total,2017,31.9219024
IDA blend,2017,29.9698022
IDA only,2017,25.22541701
IDA total,2017,26.05455254
Iceland,2017,0.492568579
India,2017,24.00142608
Indonesia,2017,50.03933382
"Iran, Islamic Rep.",2017,6.601288136
Iraq,2017,1.900361184
Ireland,2017,11.17752939
Isle of Man,2017,6.070175439
Israel,2017,6.469500924
Italy,2017,31.80293388
Jamaica,2017,54.0378578
Japan,2017,68.40877915
Jordan,2017,1.09822032
Kazakhstan,2017,1.247160796
Kenya,2017,6.292880486
Kiribati,2017,1.456790123
"Korea, Dem. People's Rep.",2017,50.60858733
"Korea, Rep.",2017,64.78309917
Kuwait,2017,0.350729517
Kyrgyz Republic,2017,6.572806048
Lao PDR,2017,72.35268631
Late-demographic dividend,2017,39.48104067
Latin America & Caribbean,2017,46.87071559
Latin America & Caribbean (excluding high income),2017,47.32498059
Latin America & the Caribbean (IDA & IBRD countries),2017,46.95011985
Latvia,2017,54.62548411
Least developed countries: UN classification,2017,26.80349645
Lebanon,2017,13.83479961
Lesotho,2017,1.137022398
Liberia,2017,80.027201
Libya,2017,0.123327688
Liechtenstein,2017,41.875
Lithuania,2017,35.05691161
Low & middle income,2017,31.70519658
Low income,2017,20.70456071
Lower middle income,2017,24.6141027
Luxembourg,2017,34.45382721
Madagascar,2017,21.43255414
Malawi,2017,25.11349173
Malaysia,2017,58.63488054
Maldives,2017,2.733333333
Mali,2017,10.89666363
Malta,2017,1.3125
Marshall Islands,2017,52.22222222
Mauritania,2017,0.319394586
Mauritius,2017,19.35403105
Mexico,2017,33.99026724
"Micronesia, Fed. Sts.",2017,91.9
Middle East & North Africa,2017,2.043352781
Middle East & North Africa (IDA & IBRD countries),2017,2.48771528
Middle East & North Africa (excluding high income),2017,2.487155218
Middle income,2017,33.76177579
Moldova,2017,11.75129219
Mongolia,2017,9.103265913
Montenegro,2017,61.48698885
Morocco,2017,12.79764732
Mozambique,2017,47.56809685
Myanmar,2017,45.06016086
Namibia,2017,8.322620219
Nepal,2017,41.59072201
Netherlands,2017,10.89100089
New Caledonia,2017,45.85995624
New Zealand,2017,37.41160609
Nicaragua,2017,30.80879176
Niger,2017,0.881787321
Nigeria,2017,24.28368304
North America,2017,36.26305577
North Macedonia,2017,39.71015067
Northern Mariana Islands,2017,52.95652174
Norway,2017,33.29453362
OECD members,2017,32.75002038
Oman,2017,0.008723748
Other small states,2017,29.06059818
Pacific island small states,2017,68.22400624
Pakistan,2017,4.99418846
Palau,2017,89.47826087
Panama,2017,57.3135456
Papua New Guinea,2017,79.39837919
Paraguay,2017,42.63848477
Peru,2017,56.90217188
Philippines,2017,23.75802395
Poland,2017,30.85339168
Portugal,2017,36.15499489
Post-demographic dividend,2017,32.09431972
Pre-demographic dividend,2017,26.34909819
Puerto Rico,2017,55.7903044
Romania,2017,30.11582928
Russian Federation,2017,49.78433608
Rwanda,2017,11.06607215
Samoa,2017,58.67266187
San Marino,2017,16.66666667
Sao Tome and Principe,2017,56.0
Saudi Arabia,2017,0.454484135
Senegal,2017,42.52926817
Serbia,2017,31.12119826
Seychelles,2017,73.26086957
Sierra Leone,2017,35.93890274
Singapore,2017,22.62640449
Sint Maarten (Dutch part),2017,10.88235294
Slovak Republic,2017,40.05615641
Slovenia,2017,61.7699783
Small states,2017,39.94027885
Solomon Islands,2017,90.21650589
Somalia,2017,9.899336883
South Africa,2017,14.14510877
South Asia,2017,18.68010843
South Asia (IDA & IBRD),2017,18.68010843
South Sudan,2017,11.32562151
Spain,2017,37.15223392
Sri Lanka,2017,34.29305414
St. Kitts and Nevis,2017,42.30769231
St. Lucia,2017,34.04918033
St. Martin (French part),2017,24.8
St. Vincent and the Grenadines,2017,73.17948718
Sub-Saharan Africa,2017,26.75292309
Sub-Saharan Africa (IDA & IBRD countries),2017,26.75292309
Sub-Saharan Africa (excluding high income),2017,26.75202759
Sudan,2017,10.10494111
Suriname,2017,97.6475641
Sweden,2017,68.69449814
Switzerland,2017,31.8603338
Syrian Arab Republic,2017,2.843108425
Tajikistan,2017,3.039123856
Tanzania,2017,53.23097765
Thailand,2017,39.11018027
Timor-Leste,2017,62.24613315
Togo,2017,22.39658025
Tonga,2017,12.43055556
Trinidad and Tobago,2017,44.72709552
Tunisia,2017,4.49369207
Turkiye,2017,28.26352923
Turkmenistan,2017,8.782159045
Turks and Caicos Islands,2017,11.07368421
Tuvalu,2017,33.33333333
Uganda,2017,12.27638141
Ukraine,2017,16.69428621
United Arab Emirates,2017,4.467755562
United Kingdom,2017,13.07816311
United States,2017,33.86692641
Upper middle income,2017,37.76619329
Uruguay,2017,11.24442921
Uzbekistan,2017,8.198443898
Vanuatu,2017,36.28383921
"Venezuela, RB",2017,52.63667593
Viet Nam,2017,45.99633698
Virgin Islands (U.S.),2017,55.6
West Bank and Gaza,2017,1.684385382
World,2017,31.28999701
"Yemen, Rep.",2017,1.039831809
Zambia,2017,61.04288462
Zimbabwe,2017,45.45118263
Afghanistan,2018,1.852781994
Africa Eastern and Southern,2018,30.61151176
Africa Western and Central,2018,19.9860996
Albania,2018,28.7919708
Algeria,2018,0.810331602
American Samoa,2018,85.95
Andorra,2018,34.04255319
Angola,2018,54.31740595
Antigua and Barbuda,2018,18.75
Arab World,2018,2.844420469
Argentina,2018,10.52037315
Armenia,2018,11.55216017
Aruba,2018,2.333333333
Australia,2018,17.42131456
Austria,2018,47.16396025
Azerbaijan,2018,13.41393036
"Bahamas, The",2018,50.93506494
Bahrain,2018,0.848329049
Bangladesh,2018,14.46877161
Barbados,2018,14.65116279
Belarus,2018,43.05153217
Belgium,2018,22.76420079
Belize,2018,56.96492766
Benin,2018,28.69058177
Bermuda,2018,18.51851852
Bhutan,2018,71.34556896
Bolivia,2018,47.31213884
Bosnia and Herzegovina,2018,42.73261719
Botswana,2018,27.3345332
Brazil,2018,59.70842795
British Virgin Islands,2018,24.13333333
Brunei Darussalam,2018,72.10626186
Bulgaria,2018,35.62085483
Burkina Faso,2018,23.08625731
Burundi,2018,10.8894081
Cabo Verde,2018,11.19602978
Cambodia,2018,47.47195785
Cameroon,2018,43.26644243
Canada,2018,38.70376294
Caribbean small states,2018,89.96502408
Cayman Islands,2018,53.375
Central African Republic,2018,35.89681852
Central Europe and the Baltics,2018,34.50088203
Chad,2018,3.601493011
Channel Islands,2018,5.151515152
Chile,2018,24.16152903
China,2018,23.03091218
Colombia,2018,53.66424516
Comoros,2018,18.16227834
"Congo, Dem. Rep.",2018,56.61894974
"Congo, Rep.",2018,64.35139092
Costa Rica,2018,58.79612221
Cote d'Ivoire,2018,9.630440252
Croatia,2018,34.55989565
Cuba,2018,31.23314066
Curacao,2018,0.157657658
Cyprus,2018,18.67640693
Czechia,2018,34.62595519
Denmark,2018,15.664
Djibouti,2018,0.243313201
Dominica,2018,63.82666667
Dominican Republic,2018,44.0471952
Early-demographic dividend,2018,22.91459541
East Asia & Pacific,2018,27.11670726
East Asia & Pacific (IDA & IBRD countries),2018,30.24748009
East Asia & Pacific (excluding high income),2018,30.39955117
Ecuador,2018,50.83898373
"Egypt, Arab Rep.",2018,0.045185594
El Salvador,2018,28.61389961
Equatorial Guinea,2018,87.88377897
Eritrea,2018,8.767757211
Estonia,2018,57.03859649
Eswatini,2018,28.7872093
Ethiopia,2018,15.25348958
Euro area,2018,38.56041986
Europe & Central Asia,2018,38.48507751
Europe & Central Asia (IDA & IBRD countries),2018,39.27415587
Europe & Central Asia (excluding high income),2018,39.49457202
European Union,2018,39.75099735
Faroe Islands,2018,0.05730659
Fiji,2018,61.66721401
Finland,2018,73.73321927
Fragile and conflict affected situations,2018,23.27930481
France,2018,31.20442255
French Polynesia,2018,43.05963699
Gabon,2018,91.41289246
"Gambia, The",2018,25.11264822
Georgia,2018,40.61591596
Germany,2018,32.68361097
Ghana,2018,35.03234596
Greece,2018,30.26997673
Greenland,2018,0.000535997
Grenada,2018,52.05882353
Guam,2018,51.85185185
Guatemala,2018,33.13736469
Guinea,2018,25.51277877
Guinea-Bissau,2018,71.01315789
Guyana,2018,93.64363729
Haiti,2018,12.82728592
Heavily indebted poor countries (HIPC),2018,27.45278756
High income,2018,29.6671524
Honduras,2018,57.20940209
Hungary,2018,22.5281613
IBRD only,2018,33.97969174
IDA & IBRD total,2018,31.87053519
IDA blend,2018,29.9026287
IDA only,2018,25.05758323
IDA total,2018,25.90431243
Iceland,2018,0.496280869
India,2018,24.09102681
Indonesia,2018,49.71681778
"Iran, Islamic Rep.",2018,6.611420647
Iraq,2018,1.900361184
Ireland,2018,11.23559297
Isle of Man,2018,6.070175439
Israel,2018,6.469500924
Italy,2018,31.98489777
Jamaica,2018,54.39704524
Japan,2018,68.40877915
Jordan,2018,1.09822032
Kazakhstan,2018,1.257992073
Kenya,2018,6.344818498
Kiribati,2018,1.456790123
"Korea, Dem. People's Rep.",2018,50.43227307
"Korea, Rep.",2018,64.67391304
Kuwait,2018,0.350729517
Kyrgyz Republic,2018,6.667883212
Lao PDR,2018,72.20320624
Late-demographic dividend,2018,39.49982013
Latin America & Caribbean,2018,46.75486776
Latin America & Caribbean (excluding high income),2018,47.19388667
Latin America & the Caribbean (IDA & IBRD countries),2018,46.83350498
Latvia,2018,54.68767577
Least developed countries: UN classification,2018,26.61666129
Lebanon,2018,13.89345064
Lesotho,2018,1.137022398
Liberia,2018,79.71303987
Libya,2018,0.123327688
Liechtenstein,2018,41.875
Lithuania,2018,35.0950024
Low & middle income,2018,31.65177646
Low income,2018,20.56882726
Lower middle income,2018,24.52316
Luxembourg,2018,34.45382721
Madagascar,2018,21.40983156
Malawi,2018,24.66801018
Malaysia,2018,58.48224015
Maldives,2018,2.733333333
Mali,2018,10.89666363
Malta,2018,1.4375
Marshall Islands,2018,52.22222222
Mauritania,2018,0.314058407
Mauritius,2018,19.37406109
Mexico,2018,33.92454024
"Micronesia, Fed. Sts.",2018,91.94285714
Middle East & North Africa,2018,2.044740314
Middle East & North Africa (IDA & IBRD countries),2018,2.489523178
Middle East & North Africa (excluding high income),2018,2.488961854
Middle income,2018,33.7237458
Moldova,2018,11.75297169
Mongolia,2018,9.102555458
Montenegro,2018,61.48698885
Morocco,2018,12.82005378
Mozambique,2018,47.33610723
Myanmar,2018,44.61974874
Namibia,2018,8.236368716
Nepal,2018,41.59072201
Netherlands,2018,10.91862192
New Caledonia,2018,45.85448578
New Zealand,2018,37.42793665
Nicaragua,2018,29.97781286
Niger,2018,0.871982316
Nigeria,2018,24.1043842
North America,2018,36.26101415
North Macedonia,2018,39.71015067
Northern Mariana Islands,2018,52.95652174
Norway,2018,33.31726503
OECD members,2018,32.75231284
Oman,2018,0.008400646
Other small states,2018,28.94300639
Pacific island small states,2018,68.31114575
Pakistan,2018,4.940561436
Palau,2018,89.67391304
Panama,2018,57.11337288
Papua New Guinea,2018,79.32433865
Paraguay,2018,41.93538887
Peru,2018,56.77815625
Philippines,2018,23.87500419
Poland,2018,30.89460104
Portugal,2018,36.15499489
Post-demographic dividend,2018,32.09894217
Pre-demographic dividend,2018,26.17262457
Puerto Rico,2018,55.84554679
Romania,2018,30.11582928
Russian Federation,2018,49.78433608
Rwanda,2018,11.10660722
Samoa,2018,58.5
San Marino,2018,16.66666667
Sao Tome and Principe,2018,55.35416667
Saudi Arabia,2018,0.454484135
Senegal,2018,42.32150834
Serbia,2018,31.12279899
Seychelles,2018,73.26086957
Sierra Leone,2018,35.66555833
Singapore,2018,22.31092437
Sint Maarten (Dutch part),2018,10.88235294
Slovak Republic,2018,40.05615641
Slovenia,2018,61.67438072
Small states,2018,39.83280718
Solomon Islands,2018,90.19042515
Somalia,2018,9.776994931
South Africa,2018,14.11510275
South Asia,2018,18.72717145
South Asia (IDA & IBRD),2018,18.72717145
South Sudan,2018,11.32562151
Spain,2018,37.15664678
Sri Lanka,2018,34.25804992
St. Kitts and Nevis,2018,42.30769231
St. Lucia,2018,34.04918033
St. Martin (French part),2018,24.8
St. Vincent and the Grenadines,2018,73.17948718
Sub-Saharan Africa,2018,26.58842547
Sub-Saharan Africa (IDA & IBRD countries),2018,26.58842547
Sub-Saharan Africa (excluding high income),2018,26.58752681
Sudan,2018,10.01277837
Suriname,2018,97.56910256
Sweden,2018,68.69449814
Switzerland,2018,31.94740118
Syrian Arab Republic,2018,2.843108425
Tajikistan,2018,3.039123856
Tanzania,2018,52.70151276
Thailand,2018,39.03971501
Timor-Leste,2018,62.13180901
Togo,2018,22.34215849
Tonga,2018,12.43055556
Trinidad and Tobago,2018,44.64522417
Tunisia,2018,4.503540165
Turkiye,2018,28.4660941
Turkmenistan,2018,8.782159045
Turks and Caicos Islands,2018,11.07368421
Tuvalu,2018,33.33333333
Uganda,2018,12.07066627
Ukraine,2018,16.70348637
United Arab Emirates,2018,4.467755562
United Kingdom,2018,13.11536395
United States,2018,33.86692641
Upper middle income,2018,37.75133447
Uruguay,2018,11.3644155
Uzbekistan,2018,8.257120614
Vanuatu,2018,36.28383921
"Venezuela, RB",2018,52.53416473
Viet Nam,2018,46.23468154
Virgin Islands (U.S.),2018,56.02857143
West Bank and Gaza,2018,1.684385382
World,2018,31.25263574
"Yemen, Rep.",2018,1.039831809
Zambia,2018,60.78970661
Zimbabwe,2018,45.33209254
Afghanistan,2019,1.852781994
Africa Eastern and Southern,2019,30.39162595
Africa Western and Central,2019,19.90121471
Albania,2019,28.7919708
Algeria,2019,0.81411035
American Samoa,2019,85.8
Andorra,2019,34.04255319
Angola,2019,53.87217454
Antigua and Barbuda,2019,18.59090909
Arab World,2019,2.826620788
Argentina,2019,10.48017861
Armenia,2019,11.54478398
Aruba,2019,2.333333333
Australia,2019,17.42131456
Austria,2019,47.20746486
Azerbaijan,2019,13.55336705
"Bahamas, The",2019,50.93506494
Bahrain,2019,0.871794872
Bangladesh,2019,14.46877161
Barbados,2019,14.65116279
Belarus,2019,43.12615476
Belgium,2019,22.76420079
Belize,2019,56.47566857
Benin,2019,28.24716211
Bermuda,2019,18.51851852
Bhutan,2019,71.39748296
Bolivia,2019,47.10953568
Bosnia and Herzegovina,2019,42.73261719
Botswana,2019,27.12579182
Brazil,2019,59.55852618
British Virgin Islands,2019,24.13333333
Brunei Darussalam,2019,72.10626186
Bulgaria,2019,35.74060427
Burkina Faso,2019,22.90350877
Burundi,2019,10.8894081
Cabo Verde,2019,11.27047146
Cambodia,2019,46.58996148
Cameroon,2019,43.14797656
Canada,2019,38.69963717
Caribbean small states,2019,89.8928245
Cayman Islands,2019,53.0
Central African Republic,2019,35.84866288
Central Europe and the Baltics,2019,34.53188704
Chad,2019,3.511753494
Channel Islands,2019,5.151515152
Chile,2019,24.32686152
China,2019,23.23111754
Colombia,2019,53.48463272
Comoros,2019,17.92584632
"Congo, Dem. Rep.",2019,56.13312896
"Congo, Rep.",2019,64.30746706
Costa Rica,2019,59.11672542
Cote d'Ivoire,2019,9.275471698
Croatia,2019,34.60456722
Cuba,2019,31.23314066
Curacao,2019,0.157657658
Cyprus,2019,18.67424242
Czechia,2019,34.65141732
Denmark,2019,15.6875
Djibouti,2019,0.245901639
Dominica,2019,63.82666667
Dominican Republic,2019,44.93930277
Early-demographic dividend,2019,22.84899525
East Asia & Pacific,2019,27.14801101
East Asia & Pacific (IDA & IBRD countries),2019,30.29716009
East Asia & Pacific (excluding high income),2019,30.447529
Ecuador,2019,50.58020615
"Egypt, Arab Rep.",2019,0.045185594
El Salvador,2019,28.39671815
Equatorial Guinea,2019,87.58573975
Eritrea,2019,8.741453809
Estonia,2019,57.03859649
Eswatini,2019,28.85755814
Ethiopia,2019,15.18867857
Euro area,2019,38.61817502
Europe & Central Asia,2019,38.50230025
Europe & Central Asia (IDA & IBRD countries),2019,39.28694625
Europe & Central Asia (excluding high income),2019,39.50694838
European Union,2019,39.79785176
Faroe Islands,2019,0.05730659
Fiji,2019,62.03284072
Finland,2019,73.73079327
Fragile and conflict affected situations,2019,23.15377206
France,2019,31.35673546
French Polynesia,2019,43.05963699
Gabon,2019,91.36678698
"Gambia, The",2019,24.54545455
Georgia,2019,40.61591596
Germany,2019,32.68267552
Ghana,2019,35.06407665
Greece,2019,30.26997673
Greenland,2019,0.000535997
Grenada,2019,52.05882353
Guam,2019,51.85185185
Guatemala,2019,33.02911534
Guinea,2019,25.34999186
Guinea-Bissau,2019,70.71301565
Guyana,2019,93.59685039
Haiti,2019,12.71444122
Heavily indebted poor countries (HIPC),2019,27.27872273
High income,2019,29.67501074
Honduras,2019,57.02216463
Hungary,2019,22.51227263
IBRD only,2019,33.96144085
IDA & IBRD total,2019,31.81673067
IDA blend,2019,29.82899174
IDA only,2019,24.88619695
IDA total,2019,25.75000336
Iceland,2019,0.502727363
India,2019,24.18062754
Indonesia,2019,49.39429641
"Iran, Islamic Rep.",2019,6.621553159
Iraq,2019,1.900361184
Ireland,2019,11.29365655
Isle of Man,2019,6.070175439
Israel,2019,6.469500924
Italy,2019,32.16697045
Jamaica,2019,54.75530933
Japan,2019,68.40877915
Jordan,2019,1.098047165
Kazakhstan,2019,1.268822462
Kenya,2019,6.344818498
Kiribati,2019,1.456790123
"Korea, Dem. People's Rep.",2019,50.25595881
"Korea, Rep.",2019,64.51844262
Kuwait,2019,0.350729517
Kyrgyz Republic,2019,6.762982273
Lao PDR,2019,72.05372617
Late-demographic dividend,2019,39.51436718
Latin America & Caribbean,2019,46.63174953
Latin America & Caribbean (excluding high income),2019,47.05316971
Latin America & the Caribbean (IDA & IBRD countries),2019,46.70958619
Latvia,2019,54.74986742
Least developed countries: UN classification,2019,26.42621783
Lebanon,2019,13.95210166
Lesotho,2019,1.137022398
Liberia,2019,79.39887874
Libya,2019,0.123327688
Liechtenstein,2019,41.875
Lithuania,2019,35.13254551
Low & middle income,2019,31.59555634
Low income,2019,20.42817197
Lower middle income,2019,24.43281024
Luxembourg,2019,34.45382721
Madagascar,2019,21.38712616
Malawi,2019,24.22252864
Malaysia,2019,58.32959976
Maldives,2019,2.733333333
Mali,2019,10.89666363
Malta,2019,1.4375
Marshall Islands,2019,52.22222222
Mauritania,2019,0.308819249
Mauritius,2019,19.39409114
Mexico,2019,33.85881839
"Micronesia, Fed. Sts.",2019,91.98571429
Middle East & North Africa,2019,2.048129539
Middle East & North Africa (IDA & IBRD countries),2019,2.493938049
Middle East & North Africa (excluding high income),2019,2.493373649
Middle income,2019,33.68333404
Moldova,2019,11.75275726
Mongolia,2019,9.101825131
Montenegro,2019,61.48698885
Morocco,2019,12.84358055
Mozambique,2019,47.00794781
Myanmar,2019,44.17588479
Namibia,2019,8.150117213
Nepal,2019,41.59072201
Netherlands,2019,10.94653995
New Caledonia,2019,45.84901532
New Zealand,2019,37.46731989
Nicaragua,2019,29.14683397
Niger,2019,0.862177311
Nigeria,2019,23.92508537
North America,2019,36.25897198
North Macedonia,2019,39.71015067
Northern Mariana Islands,2019,52.95652174
Norway,2019,33.33990698
OECD members,2019,32.75572961
Oman,2019,0.008077544
Other small states,2019,28.83372516
Pacific island small states,2019,68.39812938
Pakistan,2019,4.886934413
Palau,2019,89.84782609
Panama,2019,56.95942303
Papua New Guinea,2019,79.25029811
Paraguay,2019,41.23231815
Peru,2019,56.643125
Philippines,2019,23.99201798
Poland,2019,30.93985822
Portugal,2019,36.15499489
Post-demographic dividend,2019,32.10426219
Pre-demographic dividend,2019,25.99114232
Puerto Rico,2019,55.90078918
Romania,2019,30.11582928
Russian Federation,2019,49.78433608
Rwanda,2019,11.14714228
Samoa,2019,58.32733813
San Marino,2019,16.66666667
Sao Tome and Principe,2019,54.70833333
Saudi Arabia,2019,0.454484135
Senegal,2019,42.11374851
Serbia,2019,31.12531443
Seychelles,2019,73.26086957
Sierra Leone,2019,35.39221391
Singapore,2019,21.9972067
Sint Maarten (Dutch part),2019,10.88235294
Slovak Republic,2019,40.05615641
Slovenia,2019,61.57307165
Small states,2019,39.73455606
Solomon Islands,2019,90.16434441
Somalia,2019,9.654652979
South Africa,2019,14.08509674
South Asia,2019,18.77410339
South Asia (IDA & IBRD),2019,18.77410339
South Sudan,2019,11.32562151
Spain,2019,37.16772156
Sri Lanka,2019,34.20671025
St. Kitts and Nevis,2019,42.30769231
St. Lucia,2019,34.04918033
St. Martin (French part),2019,24.8
St. Vincent and the Grenadines,2019,73.17948718
Sub-Saharan Africa,2019,26.41965692
Sub-Saharan Africa (IDA & IBRD countries),2019,26.41965692
Sub-Saharan Africa (excluding high income),2019,26.41875501
Sudan,2019,9.920615632
Suriname,2019,97.49057692
Sweden,2019,68.69906052
Switzerland,2019,32.03446856
Syrian Arab Republic,2019,2.843108425
Tajikistan,2019,3.046328986
Tanzania,2019,52.17204787
Thailand,2019,38.96924974
Timor-Leste,2019,62.03765972
Togo,2019,22.28773672
Tonga,2019,12.43055556
Trinidad and Tobago,2019,44.56335283
Tunisia,2019,4.51338826
Turkiye,2019,28.6687889
Turkmenistan,2019,8.782159045
Turks and Caicos Islands,2019,11.07368421
Tuvalu,2019,33.33333333
Uganda,2019,11.86490126
Ukraine,2019,16.71384191
United Arab Emirates,2019,4.467755562
United Kingdom,2019,13.15256479
United States,2019,33.86692641
Upper middle income,2019,37.73283937
Uruguay,2019,11.48440178
Uzbekistan,2019,8.316373665
Vanuatu,2019,36.28383921
"Venezuela, RB",2019,52.45961113
Viet Nam,2019,46.47684165
Virgin Islands (U.S.),2019,56.45714286
West Bank and Gaza,2019,1.684385382
World,2019,31.21375455
"Yemen, Rep.",2019,1.039831809
Zambia,2019,60.53651515
Zimbabwe,2019,45.21300246
Afghanistan,2020,1.852781994
Africa Eastern and Southern,2020,30.17425271
Africa Western and Central,2020,19.81677741
Albania,2020,28.7919708
Algeria,2020,0.81830896
American Samoa,2020,85.65
Andorra,2020,34.04255319
Angola,2020,53.42695115
Antigua and Barbuda,2020,18.45454545
Arab World,2020,2.808895261
Argentina,2020,10.44071488
Armenia,2020,11.5374078
Aruba,2020,2.333333333
Australia,2020,17.42131456
Austria,2020,47.25096946
Azerbaijan,2020,13.69418968
"Bahamas, The",2020,50.93506494
Bahrain,2020,0.891719745
Bangladesh,2020,14.46877161
Barbados,2020,14.65116279
Belarus,2020,43.19440339
Belgium,2020,22.76420079
Belize,2020,55.98640947
Benin,2020,27.80374246
Bermuda,2020,18.51851852
Bhutan,2020,71.44939696
Bolivia,2020,46.92491461
Bosnia and Herzegovina,2020,42.73261719
Botswana,2020,26.91705045
Brazil,2020,59.41747805
British Virgin Islands,2020,24.13333333
Brunei Darussalam,2020,72.10626186
Bulgaria,2020,35.86035372
Burkina Faso,2020,22.72076023
Burundi,2020,10.8894081
Cabo Verde,2020,11.34491315
Cambodia,2020,45.7079651
Cameroon,2020,43.02951069
Canada,2020,38.69551251
Caribbean small states,2020,89.82072372
Cayman Islands,2020,53.0
Central African Republic,2020,35.80050724
Central Europe and the Baltics,2020,34.55928473
Chad,2020,3.425190597
Channel Islands,2020,5.151515152
Chile,2020,24.49215367
China,2020,23.4313229
Colombia,2020,53.30501127
Comoros,2020,17.68941429
"Congo, Dem. Rep.",2020,55.64731259
"Congo, Rep.",2020,64.26354319
Costa Rica,2020,59.43732863
Cote d'Ivoire,2020,8.920471698
Croatia,2020,34.65171551
Cuba,2020,31.23314066
Curacao,2020,0.157657658
Cyprus,2020,18.67207792
Czechia,2020,34.67799193
Denmark,2020,15.711
Djibouti,2020,0.250215703
Dominica,2020,63.82666667
Dominican Republic,2020,45.10950748
Early-demographic dividend,2020,22.78398723
East Asia & Pacific,2020,27.17984738
East Asia & Pacific (IDA & IBRD countries),2020,30.34642794
East Asia & Pacific (excluding high income),2020,30.49509578
Ecuador,2020,50.32142857
"Egypt, Arab Rep.",2020,0.045185594
El Salvador,2020,28.17953668
Equatorial Guinea,2020,87.28770053
Eritrea,2020,8.71821524
Estonia,2020,57.03859649
Eswatini,2020,28.92790698
Ethiopia,2020,15.12398953
Euro area,2020,38.675211
Europe & Central Asia,2020,38.52496554
Europe & Central Asia (IDA & IBRD countries),2020,39.30512664
Europe & Central Asia (excluding high income),2020,39.52502221
European Union,2020,39.84321415
Faroe Islands,2020,0.058565154
Fiji,2020,62.39846743
Finland,2020,73.72836744
Fragile and conflict affected situations,2020,23.0314787
France,2020,31.50904837
French Polynesia,2020,43.05963699
Gabon,2020,91.32068149
"Gambia, The",2020,23.97924901
Georgia,2020,40.61591596
Germany,2020,32.68267552
Ghana,2020,35.09693099
Greece,2020,30.26997673
Greenland,2020,0.000535997
Grenada,2020,52.05882353
Guam,2020,51.85185185
Guatemala,2020,32.92086599
Guinea,2020,25.18720495
Guinea-Bissau,2020,70.4128734
Guyana,2020,93.5501143
Haiti,2020,12.60159652
Heavily indebted poor countries (HIPC),2020,27.10778864
High income,2020,29.68394168
Honduras,2020,56.83492716
Hungary,2020,22.49627438
IBRD only,2020,33.94586749
IDA & IBRD total,2020,31.76525444
IDA blend,2020,29.75449184
IDA only,2020,24.71683942
IDA total,2020,25.59724179
Iceland,2020,0.509273034
India,2020,24.27022827
Indonesia,2020,49.07178037
"Iran, Islamic Rep.",2020,6.626730354
Iraq,2020,1.900361184
Ireland,2020,11.35172013
Isle of Man,2020,6.070175439
Israel,2020,6.469500924
Italy,2020,32.34893496
Jamaica,2020,55.11449677
Japan,2020,68.40877915
Jordan,2020,1.098047165
Kazakhstan,2020,1.279653295
Kenya,2020,6.344818498
Kiribati,2020,1.456790123
"Korea, Dem. People's Rep.",2020,50.07964455
"Korea, Rep.",2020,64.41598361
Kuwait,2020,0.350729517
Kyrgyz Republic,2020,6.858081335
Lao PDR,2020,71.9042461
Late-demographic dividend,2020,39.53329435
Latin America & Caribbean,2020,46.5128137
Latin America & Caribbean (excluding high income),2020,46.91572583
Latin America & the Caribbean (IDA & IBRD countries),2020,46.58986858
Latvia,2020,54.80941668
Least developed countries: UN classification,2020,26.23782517
Lebanon,2020,14.01075269
Lesotho,2020,1.137022398
Liberia,2020,79.08471761
Libya,2020,0.123327688
Liechtenstein,2020,41.875
Lithuania,2020,35.14851485
Low & middle income,2020,31.54148207
Low income,2020,20.29028216
Lower middle income,2020,24.34265137
Luxembourg,2020,34.45382721
Madagascar,2020,21.36440358
Malawi,2020,23.77704709
Malaysia,2020,58.17695937
Maldives,2020,2.733333333
Mali,2020,10.89666363
Malta,2020,1.4375
Marshall Islands,2020,52.22222222
Mauritania,2020,0.30348307
Mauritius,2020,19.41412118
Mexico,2020,33.79309139
"Micronesia, Fed. Sts.",2020,92.02857143
Middle East & North Africa,2020,2.05089672
Middle East & North Africa (IDA & IBRD countries),2020,2.497534136
Middle East & North Africa (excluding high income),2020,2.496967229
Middle income,2020,33.64500541
Moldova,2020,11.75322187
Mongolia,2020,9.099658488
Montenegro,2020,61.48698885
Morocco,2020,12.86688326
Mozambique,2020,46.72519647
Myanmar,2020,43.73403098
Namibia,2020,8.06386571
Nepal,2020,41.59072201
Netherlands,2020,10.97416097
New Caledonia,2020,45.84354486
New Zealand,2020,37.57012647
Nicaragua,2020,28.31585508
Niger,2020,0.852372306
Nigeria,2020,23.74578653
North America,2020,36.25693036
North Macedonia,2020,39.71015067
Northern Mariana Islands,2020,52.95652174
Norway,2020,33.43535968
OECD members,2020,32.76024787
Oman,2020,0.008077544
Other small states,2020,28.72443125
Pacific island small states,2020,68.48511302
Pakistan,2020,4.833307389
Palau,2020,90.02173913
Panama,2020,56.80560798
Papua New Guinea,2020,79.17625756
Paraguay,2020,40.52922225
Peru,2020,56.50810156
Philippines,2020,24.10903176
Poland,2020,30.9770359
Portugal,2020,36.15499489
Post-demographic dividend,2020,32.11087456
Pre-demographic dividend,2020,25.81166597
Puerto Rico,2020,55.95603157
Romania,2020,30.11582928
Russian Federation,2020,49.78433608
Rwanda,2020,11.18767734
Samoa,2020,58.15467626
San Marino,2020,16.66666667
Sao Tome and Principe,2020,54.0625
Saudi Arabia,2020,0.454484135
Senegal,2020,41.90598868
Serbia,2020,32.37780949
Seychelles,2020,73.26086957
Sierra Leone,2020,35.11886949
Singapore,2020,21.68523677
Sint Maarten (Dutch part),2020,10.88235294
Slovak Republic,2020,40.05615641
Slovenia,2020,61.47225919
Small states,2020,39.63629754
Solomon Islands,2020,90.13826367
Somalia,2020,9.532311028
South Africa,2020,14.05509072
South Asia,2020,18.82105482
South Asia (IDA & IBRD),2020,18.82105482
South Sudan,2020,11.32562151
Spain,2020,37.17730549
Sri Lanka,2020,34.15809893
St. Kitts and Nevis,2020,42.30769231
St. Lucia,2020,34.04918033
St. Martin (French part),2020,24.8
St. Vincent and the Grenadines,2020,73.17948718
Sub-Saharan Africa,2020,26.25261245
Sub-Saharan Africa (IDA & IBRD countries),2020,26.25261245
Sub-Saharan Africa (excluding high income),2020,26.25170733
Sudan,2020,9.828452891
Suriname,2020,97.41211538
Sweden,2020,68.69907031
Switzerland,2020,32.12153594
Syrian Arab Republic,2020,2.843108425
Tajikistan,2020,3.053534116
Tanzania,2020,51.64258298
Thailand,2020,38.89878447
Timor-Leste,2020,61.94351042
Togo,2020,22.23331495
Tonga,2020,12.43055556
Trinidad and Tobago,2020,44.48148148
Tunisia,2020,4.523236354
Turkiye,2020,28.8714837
Turkmenistan,2020,8.782159045
Turks and Caicos Islands,2020,11.07368421
Tuvalu,2020,33.33333333
Uganda,2020,11.65918612
Ukraine,2020,16.72419745
United Arab Emirates,2020,4.467755562
United Kingdom,2020,13.18563221
United States,2020,33.86692641
Upper middle income,2020,37.71750095
Uruguay,2020,11.60438807
Uzbekistan,2020,8.373221378
Vanuatu,2020,36.28383921
"Venezuela, RB",2020,52.41301514
Viet Nam,2020,46.71900175
Virgin Islands (U.S.),2020,56.88571429
West Bank and Gaza,2020,1.684385382
World,2020,31.17690459
"Yemen, Rep.",2020,1.039831809
Zambia,2020,60.28333714
Zimbabwe,2020,45.09391237
Afghanistan,2021,1.852781994
Africa Eastern and Southern,2021,29.95519406
Africa Western and Central,2021,19.73203653
Albania,2021,28.7919708
Algeria,2021,0.822227648
American Samoa,2021,85.5
Andorra,2021,34.04255319
Angola,2021,52.98172239
Antigua and Barbuda,2021,18.30295455
Arab World,2021,2.791120845
Argentina,2021,10.40076395
Armenia,2021,11.53003161
Aruba,2021,2.333333333
Australia,2021,17.42131456
Austria,2021,47.29447407
Azerbaijan,2021,13.83299093
"Bahamas, The",2021,50.93506494
Bahrain,2021,0.911392405
Bangladesh,2021,14.46877161
Barbados,2021,14.65116279
Belarus,2021,43.27223454
Belgium,2021,22.76420079
Belize,2021,55.49715037
Benin,2021,27.36032281
Bermuda,2021,18.51851852
Bhutan,2021,71.50131096
Bolivia,2021,46.72830546
Bosnia and Herzegovina,2021,42.73261719
Botswana,2021,26.70830907
Brazil,2021,59.2705275
British Virgin Islands,2021,24.13333333
Brunei Darussalam,2021,72.10626186
Bulgaria,2021,35.98010317
Burkina Faso,2021,22.5380117
Burundi,2021,10.8894081
Cabo Verde,2021,11.41935484
Cambodia,2021,44.82596873
Cameroon,2021,42.91104483
Canada,2021,39.47012793
Caribbean small states,2021,89.74855675
Cayman Islands,2021,52.75
Central African Republic,2021,35.7523516
Central Europe and the Baltics,2021,34.58928004
Chad,2021,3.336509927
Channel Islands,2021,5.151515152
Chile,2021,24.65747271
China,2021,23.63152827
Colombia,2021,53.12539585
Comoros,2021,17.45298227
"Congo, Dem. Rep.",2021,55.16149326
"Congo, Rep.",2021,64.21961933
Costa Rica,2021,59.75793184
Cote d'Ivoire,2021,8.565492767
Croatia,2021,34.69639028
Cuba,2021,31.23314066
Curacao,2021,0.157657658
Cyprus,2021,18.66991342
Czechia,2021,34.70669802
Denmark,2021,15.7345
Djibouti,2021,0.253377912
Dominica,2021,63.82666667
Dominican Republic,2021,45.27971219
Early-demographic dividend,2021,22.70797924
East Asia & Pacific,2021,27.19473679
East Asia & Pacific (IDA & IBRD countries),2021,30.36733345
East Asia & Pacific (excluding high income),2021,30.51437755
Ecuador,2021,50.06265099
"Egypt, Arab Rep.",2021,0.045185594
El Salvador,2021,27.96235521
Equatorial Guinea,2021,86.98966132
Eritrea,2021,8.692108346
Estonia,2021,57.03859649
Eswatini,2021,28.99825581
Ethiopia,2021,15.05930598
Euro area,2021,38.7299712
Europe & Central Asia,2021,38.54166327
Europe & Central Asia (IDA & IBRD countries),2021,39.31768473
Europe & Central Asia (excluding high income),2021,39.53721159
European Union,2021,39.88750698
Faroe Islands,2021,0.058394161
Fiji,2021,62.76409414
Finland,2021,73.72649966
Fragile and conflict affected situations,2021,22.90700301
France,2021,31.66136128
French Polynesia,2021,43.05963699
Gabon,2021,91.27457601
"Gambia, The",2021,23.41238142
Georgia,2021,40.61591596
Germany,2021,32.68267552
Ghana,2021,35.12867716
Greece,2021,30.26997673
Greenland,2021,0.000535997
Grenada,2021,52.05882353
Guam,2021,51.85185185
Guatemala,2021,32.81261665
Guinea,2021,25.02441804
Guinea-Bissau,2021,70.11273115
Guyana,2021,93.50334417
Haiti,2021,12.48875181
Heavily indebted poor countries (HIPC),2021,26.93475697
High income,2021,29.8408786
Honduras,2021,56.6476897
Hungary,2021,22.48034955
IBRD only,2021,33.92054575
IDA & IBRD total,2021,31.70672075
IDA blend,2021,29.68061792
IDA only,2021,24.54610684
IDA total,2021,25.44343717
Iceland,2021,0.515752256
India,2021,24.35982901
Indonesia,2021,48.36194487
"Iran, Islamic Rep.",2021,6.635211094
Iraq,2021,1.900361184
Ireland,2021,11.40978371
Isle of Man,2021,6.070175439
Israel,2021,6.469500924
Italy,2021,32.53089947
Jamaica,2021,55.47306556
Japan,2021,68.40877915
Jordan,2021,1.098047165
Kazakhstan,2021,1.290483832
Kenya,2021,6.344818498
Kiribati,2021,1.456790123
"Korea, Dem. People's Rep.",2021,49.90333029
"Korea, Rep.",2021,64.31352459
Kuwait,2021,0.350729517
Kyrgyz Republic,2021,6.953180396
Lao PDR,2021,71.75476603
Late-demographic dividend,2021,39.54829543
Latin America & Caribbean,2021,46.38987784
Latin America & Caribbean (excluding high income),2021,46.77473364
Latin America & the Caribbean (IDA & IBRD countries),2021,46.46612875
Latvia,2021,54.87160534
Least developed countries: UN classification,2021,26.04804561
Lebanon,2021,14.06940371
Lesotho,2021,1.137022398
Liberia,2021,78.77055648
Libya,2021,0.123327688
Liechtenstein,2021,41.875
Lithuania,2021,35.18074908
Low & middle income,2021,31.48036857
Low income,2021,20.15054169
Lower middle income,2021,24.25245541
Luxembourg,2021,34.45382721
Madagascar,2021,21.34169251
Malawi,2021,23.33156555
Malaysia,2021,58.02431898
Maldives,2021,2.733333333
Mali,2021,10.89666363
Malta,2021,1.4375
Marshall Islands,2021,52.22222222
Mauritania,2021,0.298211604
Mauritius,2021,19.43415123
Mexico,2021,33.72736783
"Micronesia, Fed. Sts.",2021,92.07142857
Middle East & North Africa,2021,2.054079007
Middle East & North Africa (IDA & IBRD countries),2021,2.501678769
Middle East & North Africa (excluding high income),2021,2.501107524
Middle income,2021,33.59818643
Moldova,2021,11.72277828
Mongolia,2021,9.09894466
Montenegro,2021,61.48698885
Morocco,2021,12.89033542
Mozambique,2021,46.41217312
Myanmar,2021,43.29014663
Namibia,2021,7.977614206
Nepal,2021,41.59072201
Netherlands,2021,11.00198099
New Caledonia,2021,45.8380744
New Zealand,2021,37.63065094
Nicaragua,2021,27.48487618
Niger,2021,0.842567301
Nigeria,2021,23.5664877
North America,2021,36.61244105
North Macedonia,2021,39.71015067
Northern Mariana Islands,2021,52.95652174
Norway,2021,33.45814918
OECD members,2021,32.92768005
Oman,2021,0.007862036
Other small states,2021,28.61511815
Pacific island small states,2021,68.57209665
Pakistan,2021,4.779680365
Palau,2021,90.19565217
Panama,2021,56.65170262
Papua New Guinea,2021,79.10221702
Paraguay,2021,39.82614322
Peru,2021,56.37307289
Philippines,2021,24.22604554
Poland,2021,31.01927475
Portugal,2021,36.15499489
Post-demographic dividend,2021,32.29850259
Pre-demographic dividend,2021,25.6308376
Puerto Rico,2021,56.01127396
Romania,2021,30.11582928
Russian Federation,2021,49.78433608
Rwanda,2021,11.2282124
Samoa,2021,57.98201439
San Marino,2021,16.66666667
Sao Tome and Principe,2021,53.41666667
Saudi Arabia,2021,0.454484135
Senegal,2021,41.69822885
Serbia,2021,32.38125818
Seychelles,2021,73.26086957
Sierra Leone,2021,34.84552508
Singapore,2021,21.43454039
Sint Maarten (Dutch part),2021,10.88235294
Slovak Republic,2021,40.05615641
Slovenia,2021,61.371114
Small states,2021,39.53801266
Solomon Islands,2021,90.11218292
Somalia,2021,9.409969076
South Africa,2021,14.0250847
South Asia,2021,18.86798865
South Asia (IDA & IBRD),2021,18.86798865
South Sudan,2021,11.32562151
Spain,2021,37.17275211
Sri Lanka,2021,34.10701584
St. Kitts and Nevis,2021,42.30769231
St. Lucia,2021,34.04918033
St. Martin (French part),2021,24.8
St. Vincent and the Grenadines,2021,73.17948718
Sub-Saharan Africa,2021,26.08441041
Sub-Saharan Africa (IDA & IBRD countries),2021,26.08441041
Sub-Saharan Africa (excluding high income),2021,26.08350204
Sudan,2021,9.73629015
Suriname,2021,97.3336109
Sweden,2021,68.69906896
Switzerland,2021,32.20860332
Syrian Arab Republic,2021,2.843108425
Tajikistan,2021,3.060739246
Tanzania,2021,51.11311809
Thailand,2021,38.82831921
Timor-Leste,2021,61.84936113
Togo,2021,22.17889318
Tonga,2021,12.43055556
Trinidad and Tobago,2021,44.39961014
Tunisia,2021,4.533084449
Turkiye,2021,29.0741785
Turkmenistan,2021,8.782159045
Turks and Caicos Islands,2021,11.07368421
Tuvalu,2021,33.33333333
Uganda,2021,11.45343756
Ukraine,2021,16.73455299
United Arab Emirates,2021,4.467755562
United Kingdom,2021,13.22145538
United States,2021,33.86692641
Upper middle income,2021,37.68854656
Uruguay,2021,11.72437436
Uzbekistan,2021,8.431804617
Vanuatu,2021,36.28383921
"Venezuela, RB",2021,52.34778074
Viet Nam,2021,46.96116186
Virgin Islands (U.S.),2021,57.31428571
West Bank and Gaza,2021,1.682987552
World,2021,31.17704902
"Yemen, Rep.",2021,1.039831809
Zambia,2021,60.03015012
Zimbabwe,2021,44.97482228
